<core:FragmentDefinition
    xmlns:core="sap.ui.core"
    xmlns:form="sap.ui.layout.form"
    xmlns="sap.m"
>
    <Dialog
        id="knfjk"
        title="Upload Data"
        class="dialogSlideIn"
        resizable="true"
        draggable="true"
        contentWidth="85%"
        contentHeight="85%"
    >
        <Table
            id="_IDGenTswfd_able1"
            items="{MaterialModel>/items}"
        >
            <headerToolbar>
                <OverflowToolbar id="idBoorertyksTableHeader">
                    <Title
                        id="Ijgbajsg23"
                        text="Sample Data"
                    />
                    <ToolbarSpacer id="idTabledsweHeaderSpacer" />
                    <Button
                        id="idSubmitdfgfre"
                        type="Accept"
                        text="Submit"
                        press="onBatchSave"
                    />
                    <Button
                        id="idBtsdvwnEditq__"
                        text="Close"
                        icon="sap-icon://close"
                        type="Neutral"
                        press="onClosePressXlData"
                    />
                </OverflowToolbar>
            </headerToolbar>
            <columns>
                <Column id="_IDGenColumn1_sfdg">
                    <Label
                        id="_IDGenLabel_Sdf2"
                        text="Product Number"
                    />
                </Column>
                <Column id="_IDGenCol_Sfdmn2">
                    <Label
                        id="_IDGenLabsssss_el3"
                        text="EAN"
                    />
                </Column>
                <Column id="_IDGenCosaf_lumn3">
                    <Label
                        id="_IDGenLabel4_Sfg"
                        text="Description"
                    />
                </Column>
                <Column id="_IDGenColu_sfgmn4">
                    <Label
                        id="_IDGe_SdfnLabel5"
                        text="Material Category"
                    />
                </Column>
                <Column id="_IDGenlu_sfgmn4">
                    <Label
                        id="_IDSdfnLabel5"
                        text="Length"
                    />
                </Column>
                <Column id="_IDGenCoulu_sfgmn4">
                    <Label
                        id="_IDGe_fnLabel5"
                        text="Width"
                    />
                </Column>
                <Column id="idkanidfn">
                    <Label
                        id="fnLabel5"
                        text="Height"
                    />
                </Column>
                <Column id="idkadsdfgnidfn">
                    <Label
                        id="idwedrqw"
                        text="Volume"
                    />
                </Column>
                <Column id="idkasdfgnidfn">
                    <Label
                        id="idwerqw"
                        text="Quantity"
                    />
                </Column>
                <Column id="idkaesdfgnidfn">
                    <Label
                        id="idwwerqw"
                        text="UOM"
                    />
                </Column>
                <Column id="idkqwaesdfgnidfn">
                    <Label
                        id="idwwwerqw"
                        text="Weight"
                    />
                </Column>
            </columns>
            <items>
                <ColumnListItem id="_IDGensfdg_ColumnListItem1">
                    <cells>
                        <Input
                            id="_IDGenText1WE1"
                            value="{MaterialModel>sapProductno}"
                        />
                        <Input
                            id="_IDGenTex_Dfst2"
                            value="{MaterialModel>EAN}"
                        />
                        <Input
                            id="_IDGe_wdefs"
                            value="{MaterialModel>description}"
                        />
                        <Input
                            id="_IDGe_wwwdfs"
                            value="{MaterialModel>mCategory}"
                        />
                        <Input
                            id="_IDGenText3_SWfe"
                            value="{MaterialModel>length}"
                        />
                        <Input
                            id="_IDGe_wdfs"
                            value="{MaterialModel>width}"
                        />
                        <Input
                            id="_IDGwwee_wdfs"
                            value="{MaterialModel>height}"
                        />
                        <Input
                            id="_IDGe3_wdfs"
                            value="{MaterialModel>volume}"
                        />
                        <Input
                            id="_IDGe_weedefs"
                            value="{MaterialModel>quantity}"
                        />
                        <Input
                            id="_IDGe_weeddfefs"
                            value="{MaterialModel>uom}"
                        />

                        <Input
                            id="_IDGe_weedfes"
                            value="{MaterialModel>weight}"
                        />
                    </cells>
                </ColumnListItem>
            </items>
        </Table>
    </Dialog>
</core:FragmentDefinition>