<core:FragmentDefinition
    xmlns:core="sap.ui.core"
    xmlns:form="sap.ui.layout.form"
    xmlns:mvc="sap.ui.core.mvc"
    xmlns="sap.m"
>
    <Dialog
       id="idValueHelpDialog"
        resizable="false"
        draggable="false"
    >
	<customHeader>
	<Bar id="idBar_valueHelp" >
	<contentLeft>
	<Title id="idTitle_valueHelp" text="Add Products"></Title>
	</contentLeft>
	<contentRight>
	<Button id="idAddBtn_valueHelp" text="Add" press="onAddPress" ></Button>
	 <Button id="idCancelBtn_valueHelp" text="Cancel" press="onCancelPress_valueHelp"></Button> 
	</contentRight>
	
	</Bar>
	</customHeader>

         <Table
							id="idTableAddProduct"
                            growing="true"
                            noDataText="No Vehicle Types Available"
                            backgroundDesign="Transparent"
                            selectionChange="onRow"
                           items="{/Materials}"
                            mode="MultiSelect"
                            class="backgroundColour"
                            width="85%"
                        >

                            <columns >
                                <Column
                                   
									id="idTableColoumProduct"
                                    class="backgroundColour"
                                >
                                    <!-- Set specific widths -->
                                    <Text
                                      	id="idTableTextProduct"
                                        text="Product"
                                    />
                                </Column>
								 <Column
                                   
									id="idTableColoumProductDiscription"
                                    class="backgroundColour"
                                >
                                    <!-- Set specific widths -->
                                    <Text
                                      	id="idTableTextProductdes"
                                        text="Description"
                                    />
                                </Column>
								<Column
                                   
									id="idTableColoumProductactualQty"
                                    class="backgroundColour"
                                >
                                    <!-- Set specific widths -->
                                    <Text
                                      	id="idTableTextProductactualQty"
                                        text="Actual Quantity"
                                    />
                                </Column>
								<Column
                                   
									id="idTableColoumProductactpickingQty"
                                    class="backgroundColour"
                                >
                                    <!-- Set specific widths -->
                                    <Text
                                      	id="idTableTextProductpickingQty"
                                        text="Picking Quantity"
                                    />
                                </Column>
                                
                            </columns>

                            <items>
                                <ColumnListItem
									id='idTableColumnListItem'
                                    class="backgroundColour"
                                >
                                    <cells>
                                        <Text
											id="idTableColumnListTextProduct"
                                            text="{sapProductno}"
                                        />
										 <Text
											id="idTableColumnListTextDes"
                                            text="{description}"
                                        />
										 <Text
											id="idTableColumnListTextActQty"
                                            text="{quantity}"
                                        />
										 <Input
											id="idTableColumnListTextPickingQty"
                                            value=""
                                        />
                                      
                                    </cells>
                                </ColumnListItem>
                            </items>
                        </Table>
    </Dialog>
</core:FragmentDefinition>
