{
  "Image/ProductInIconTabBar.png": 1732785436089,
  "controller/ReqTruck.controller.js": 1733114033323,
  "loaders/ColladaLoader.js": 1732794798408,
  "model/models.js": 1732780101322,
  "controller/MainPage.controller.js": 1732780801778,
  "controller/Home.controller.js": 1732780682926,
  "controller/BaseController.js": 1732780624802,
  "controller/App.controller.js": 1732780101326,
  "manifest.json": 1733116610039,
  "Component.js": 1732780101318,
  "Component-dbg.js": 1732780101318,
  "Component.js.map": 1733116610182,
  "loaders/ColladaLoader-dbg.js": 1732794798408,
  "loaders/ColladaLoader.js.map": 1733116610384,
  "model/models-dbg.js": 1732780101322,
  "model/models.js.map": 1733116610171,
  "controller/MainPage-dbg.controller.js": 1732780801778,
  "controller/MainPage.controller.js.map": 1733116610283,
  "controller/Home-dbg.controller.js": 1732780682926,
  "controller/Home.controller.js.map": 1733116610179,
  "controller/BaseController-dbg.js": 1732780624802,
  "controller/BaseController.js.map": 1733116610208,
  "controller/App-dbg.controller.js": 1732780101326,
  "controller/App.controller.js.map": 1733116610183,
  "controller/ReqTruck-dbg.controller.js": 1733114033323,
  "controller/ReqTruck.controller.js.map": 1733116610258,
  "Component-preload.js": 1733116610540,
  "Component-preload.js.map": 1733116610540,
  "models/textures/Wheel_Roughness.png": 1732794798552,
  "models/textures/Wheel_Normal_OpenGL.png": 1732794798548,
  "models/textures/Wheel_Mixed_AO.png": 1732794798544,
  "models/textures/Wheel_Metallic.png": 1732794798540,
  "models/textures/Wheel_Base_color.png": 1732794798540,
  "models/textures/HETLP_Frame_BaseColor.png": 1732794798528,
  "models/textures/Frame_Roughness.png": 1732794798508,
  "models/textures/Frame_Normal_OpenGL.png": 1732794798488,
  "models/textures/Frame_Mixed_AO.png": 1732794798476,
  "models/textures/Frame_Metallic.png": 1732794798468,
  "models/textures/Frame_Emissive.png": 1732794798468,
  "models/textures/Cabin_Roughness.png": 1732794798468,
  "models/textures/Cabin_Normal_OpenGL.png": 1732794798444,
  "models/textures/Cabin_Mixed_AO.png": 1732794798436,
  "models/textures/Cabin_Metallic.png": 1732794798428,
  "models/textures/Cabin_Emissive.png": 1732794798424,
  "models/textures/Cabin_Base_color.png": 1732794798424,
  "view/ReqTruck.view.xml": 1732794798568,
  "view/MainPage.view.xml": 1733114033327,
  "view/Home.view.xml": 1732780332501,
  "view/App.view.xml": 1732780101326,
  "models/truckBackSide2.dae": 1733114033327,
  "models/truck25.dae": 1732794798568,
  "fragment/vehicleTypeDialog.fragment.xml": 1732782293909,
  "fragment/login.fragment.xml": 1732782221541,
  "fragment/SignUp.fragment.xml": 1732782279977,
  "fragment/RequiredTruck.fragment.xml": 1732782261305,
  "fragment/ProductsDialog.fragment.xml": 1732782237801,
  "fragment/ListEditDialog.fragment.xml": 1732782180046,
  "fragment/EditInAddEquipment.fragment.xml": 1732782162978,
  "fragment/EditDialog.fragment.xml": 1732782148706,
  "fragment/CreateInList.fragment.xml": 1732782134062,
  "fragment/CreateInAddEquipment.fragment.xml": 1732782118430,
  "fragment/CreateDialog.fragment.xml": 1732781935318,
  "css/style.css": 1733114033323,
  "Image/truckWithGoods.gif": 1733114033323,
  "Image/truckInSimulate.png": 1732785436049,
  "Image/truckInFirstPage1.jpg": 1732785436089,
  "Image/truckInFirstPage.png": 1732785436053,
  "Image/truck24FT.png": 1732785436053,
  "Image/sampleProduct1.png": 1732785436053,
  "Image/productInBox.gif": 1733114033319,
  "Image/product.gif": 1732785436053,
  "Image/prodsamp.png": 1732785436053,
  "Image/listIcon.png": 1732785838011,
  "Image/icons8-box.gif": 1732785436053,
  "Image/TruckInIconTabBar.png": 1732785436089,
  "Image/TruckInIconTabBar.gif": 1732785436089,
  "Image/SimulateIconTabBar.gif": 1733114033315,
  "Image/SampleProduct2.png": 1732785436089,
  "i18n/i18n.properties": 1732789291118,
  "Image/ManyProducts.png": 1732785436089,
  "index.html": 1732794798408
}