{
  "Image/sampleProduct1.png": 1734088256116,
  "controller/App.controller.js": 1734088256124,
  "controller/ReqTruck.controller.js": 1734349630648,
  "controller/MainPage.controller.js": 1734349630648,
  "controller/Home.controller.js": 1734088256124,
  "controller/BaseController.js": 1734088256124,
  "model/models.js": 1734088256124,
  "manifest.json": 1734350231495,
  "Component.js": 1734088256112,
  "controller/Home-dbg.controller.js": 1734088256124,
  "controller/Home.controller.js.map": 1734350231755,
  "controller/ReqTruck-dbg.controller.js": 1734349630648,
  "controller/ReqTruck.controller.js.map": 1734350231752,
  "controller/MainPage-dbg.controller.js": 1734349630648,
  "controller/MainPage.controller.js.map": 1734350231850,
  "controller/App-dbg.controller.js": 1734088256124,
  "controller/App.controller.js.map": 1734350231733,
  "controller/BaseController-dbg.js": 1734088256124,
  "controller/BaseController.js.map": 1734350231764,
  "model/models-dbg.js": 1734088256124,
  "model/models.js.map": 1734350231755,
  "Component-dbg.js": 1734088256112,
  "Component.js.map": 1734350231757,
  "Component-preload.js": 1734350231999,
  "Component-preload.js.map": 1734350231999,
  "view/ReqTruck.view.xml": 1734349630652,
  "view/MainPage.view.xml": 1734349630652,
  "view/Home.view.xml": 1734088256124,
  "view/App.view.xml": 1734088256124,
  "fragment/vehicleTypeDialog.fragment.xml": 1734088256124,
  "fragment/login.fragment.xml": 1734349630652,
  "fragment/ValueHelp.fragment.xml": 1734349630652,
  "fragment/Stack.fragment.xml": 1734349630652,
  "fragment/SignUp.fragment.xml": 1734088256124,
  "fragment/RequiredTruck.fragment.xml": 1734088256124,
  "fragment/ProductsDialog.fragment.xml": 1734088256124,
  "fragment/ListEditDialog.fragment.xml": 1734088256124,
  "fragment/EditTruckType.fragment.xml": 1734349630652,
  "fragment/EditProduct.fragment.xml": 1734349630648,
  "fragment/CreateVehicleType.fragment.xml": 1734349630648,
  "fragment/CreateInList.fragment.xml": 1734088256124,
  "fragment/CreateDialog.fragment.xml": 1734088256124,
  "css/style.css": 1734349630648,
  "Image/truckWithGoods.gif": 1734088256124,
  "Image/truckInSimulate.png": 1734088256120,
  "Image/truckInFirstPage1.jpg": 1734088256116,
  "Image/truckInFirstPage.png": 1734088256116,
  "Image/truck24FT.png": 1734088256116,
  "i18n/i18n.properties": 1734349630652,
  "Image/productInBox.gif": 1734088256116,
  "Image/product.gif": 1734088256112,
  "Image/prodsamp.png": 1734088256112,
  "Image/listIcon.png": 1734088256112,
  "Image/icons8-box.gif": 1734088256112,
  "Image/TruckInIconTabBar.png": 1734088256112,
  "Image/TruckInIconTabBar.gif": 1734088256112,
  "Image/SimulateIconTabBar.gif": 1734088256112,
  "Image/SampleProduct2.png": 1734088256112,
  "Image/ProductInIconTabBar.png": 1734088256112,
  "Image/ManyProducts.png": 1734088256112,
  "index.html": 1734349630652
}