{
  "controller/MainPage.controller.js.map": 1735565431433,
  "controller/App.controller.js": 1734693328859,
  "controller/ManuvalSimulation.controller.js": 1735538008892,
  "controller/MainPage.controller.js": 1735565225686,
  "controller/Home.controller.js": 1735565151222,
  "controller/BaseController.js": 1735295314860,
  "model/models.js": 1734693328863,
  "manifest.json": 1735565431118,
  "Component.js": 1734693328819,
  "controller/BaseController-dbg.js": 1735295314860,
  "controller/BaseController.js.map": 1735565431356,
  "controller/ManuvalSimulation-dbg.controller.js": 1735538008892,
  "controller/ManuvalSimulation.controller.js.map": 1735565431351,
  "controller/MainPage-dbg.controller.js": 1735565225686,
  "i18n/i18n.properties": 1734693328863,
  "controller/Home-dbg.controller.js": 1735565151222,
  "controller/Home.controller.js.map": 1735565431344,
  "controller/App-dbg.controller.js": 1734693328859,
  "controller/App.controller.js.map": 1735565431346,
  "model/models-dbg.js": 1734693328863,
  "model/models.js.map": 1735565431348,
  "Component-dbg.js": 1734693328819,
  "Component.js.map": 1735565431350,
  "Component-preload.js": 1735565431731,
  "Component-preload.js.map": 1735565431731,
  "view/ManuvalSimulation.view.xml": 1735538008896,
  "view/MainPage.view.xml": 1735565192894,
  "view/Home.view.xml": 1735295314872,
  "view/App.view.xml": 1734693328863,
  "css/style.css": 1735295314864,
  "fragment/vehicleTypeDialog.fragment.xml": 1734693328863,
  "fragment/login.fragment.xml": 1735295314868,
  "fragment/ValueHelp.fragment.xml": 1735295314868,
  "fragment/Stack.fragment.xml": 1734693328859,
  "fragment/SignUp.fragment.xml": 1735295314864,
  "fragment/RequiredContainer.fragment.xml": 1735538008892,
  "fragment/ProductsDialog.fragment.xml": 1734693328859,
  "fragment/MaterialXlData.fragment.xml": 1735565151222,
  "fragment/ListEditDialog.fragment.xml": 1734693328859,
  "fragment/EditProductDialog.fragment.xml": 1735538008892,
  "fragment/EditContainer.fragment.xml": 1735561683373,
  "fragment/CreateInList.fragment.xml": 1734693328859,
  "fragment/CreateContainer.fragment.xml": 1735538008892,
  "fragment/ChangePassword.fragment.xml": 1735295314864,
  "Image/truckWithGoods.gif": 1734693328859,
  "Image/truckInSimulate.png": 1734693328855,
  "Image/truckInFirstPage1.jpg": 1734693328823,
  "Image/truckInFirstPage.png": 1734693328823,
  "Image/truck24FT.png": 1734693328823,
  "Image/sampleProduct1.png": 1734693328819,
  "Image/productInBox.gif": 1734693328819,
  "Image/product.gif": 1734693328819,
  "Image/prodsamp.png": 1734693328819,
  "Image/listIcon.png": 1734693328819,
  "Image/icons8-box.gif": 1734693328819,
  "Image/TruckInIconTabBar.png": 1734693328819,
  "Image/TruckInIconTabBar.gif": 1734693328819,
  "Image/SimulateIconTabBar.gif": 1734693328819,
  "Image/SampleProduct2.png": 1734693328819,
  "Image/ProductInIconTabBar.png": 1734693328819,
  "Image/ManyProducts.png": 1734693328819,
  "index.html": 1735565151226
}