{
  "fragment/ListEditDialog.fragment.xml": 1732782180046,
  "controller/MainPage.controller.js": 1732780801778,
  "controller/ReqTruck.controller.js": 1732780840962,
  "model/models.js": 1732780101322,
  "controller/Home.controller.js": 1732780682926,
  "controller/BaseController.js": 1732780624802,
  "controller/App.controller.js": 1732780101326,
  "manifest.json": 1732786783204,
  "Component.js": 1732780101318,
  "Component-dbg.js": 1732780101318,
  "Component.js.map": 1732786783337,
  "controller/ReqTruck-dbg.controller.js": 1732780840962,
  "controller/ReqTruck.controller.js.map": 1732786783332,
  "model/models-dbg.js": 1732780101322,
  "model/models.js.map": 1732786783336,
  "controller/Home-dbg.controller.js": 1732780682926,
  "controller/Home.controller.js.map": 1732786783336,
  "controller/BaseController-dbg.js": 1732780624802,
  "controller/BaseController.js.map": 1732786783351,
  "controller/App-dbg.controller.js": 1732780101326,
  "controller/App.controller.js.map": 1732786783337,
  "controller/MainPage-dbg.controller.js": 1732780801778,
  "controller/MainPage.controller.js.map": 1732786783397,
  "Component-preload.js": 1732786783531,
  "Component-preload.js.map": 1732786783531,
  "view/ReqTruck.view.xml": 1732780477921,
  "view/MainPage.view.xml": 1732780416993,
  "view/Home.view.xml": 1732780332501,
  "view/App.view.xml": 1732780101326,
  "fragment/vehicleTypeDialog.fragment.xml": 1732782293909,
  "fragment/login.fragment.xml": 1732782221541,
  "fragment/SignUp.fragment.xml": 1732782279977,
  "fragment/RequiredTruck.fragment.xml": 1732782261305,
  "fragment/ProductsDialog.fragment.xml": 1732782237801,
  "i18n/i18n.properties": 1732780518565,
  "fragment/EditInAddEquipment.fragment.xml": 1732782162978,
  "fragment/EditDialog.fragment.xml": 1732782148706,
  "fragment/CreateInList.fragment.xml": 1732782134062,
  "fragment/CreateInAddEquipment.fragment.xml": 1732782118430,
  "fragment/CreateDialog.fragment.xml": 1732781935318,
  "css/style.css": 1732782735621,
  "Image/truckWithGoods.gif": 1732785436253,
  "Image/truckInSimulate.png": 1732785436049,
  "Image/truckInFirstPage1.jpg": 1732785436089,
  "Image/truckInFirstPage.png": 1732785436053,
  "Image/truck24FT.png": 1732785436053,
  "Image/sampleProduct1.png": 1732785436053,
  "Image/product.gif": 1732785436053,
  "Image/prodsamp.png": 1732785436053,
  "Image/listIcon.png": 1732785838011,
  "Image/icons8-box.gif": 1732785436053,
  "Image/TruckInIconTabBar.png": 1732785436089,
  "Image/TruckInIconTabBar.gif": 1732785436089,
  "Image/SimulateIconTabBar.gif": 1732785436161,
  "Image/SampleProduct2.png": 1732785436089,
  "Image/ProductInIconTabBar.png": 1732785436089,
  "Image/ManyProducts.png": 1732785436089,
  "index.html": 1732782592545
}